{
    "Profession": "vtt:brewer",
    "Career": "brewer",
    "Offers": {
        "Recipes": [
            {
                "action": "add",
                "buy": {
                    "id": "minecraft:sugar",
                    "Count": {
                        "min": 18,
                        "max": 22
                    }
                },
                "sell": {
                    "id": "minecraft:emerald",
                    "Count": 1
                },
                "CareerLevel": 1
            },
            {
                "action": "add",
                "buy": {
                    "id": "minecraft:brown_mushroom",
                    "Count": {
                        "min": 15,
                        "max": 19
                    }
                },
                "sell": {
                    "id": "minecraft:emerald",
                    "Count": 1
                },
                "CareerLevel": 1
            },
            {
                "action": "add",
                "buyB": {
                    "id": "minecraft:emerald",
                    "Count": {
                        "min": 3,
                        "max": 5
                    }
                },
                "buy": {
                    "id": "minecraft:carrot",
                    "Count": 1
                },
                "sell": {
                    "id": "minecraft:golden_carrot",
                    "Count": 1
                },
                "CareerLevel": 1
            },
            {
                "action": "add",
                "buyB": {
                    "id": "minecraft:emerald",
                    "Count": {
                        "min": 1,
                        "max": 2
                    }
                },
                "buy": {
                    "id": "minecraft:melon",
                    "Count": 1
                },
                "sell": {
                    "id": "minecraft:speckled_melon",
                    "Count": 1
                },
                "CareerLevel": 1
            },
            {
                "action": "add",
                "buy": {
                    "id": "minecraft:emerald",
                    "Count": {
                        "min": 3,
                        "max": 5
                    }
                },
                "sell": {
                    "id": "minecraft:fish",
                    "Count": 1,
                    "Damage": 3
                },
                "CareerLevel": 1
            },
            {
                "action": "add",
                "buy": {
                    "id": "minecraft:emerald",
                    "Count": {
                        "min": 3,
                        "max": 5
                    }
                },
                "sell": {
                    "id": "minecraft:rabbit_foot",
                    "Count": 1
                },
                "CareerLevel": 1
            },
            {
                "action": "add",
                "buy": {
                    "id": "minecraft:gunpowder",
                    "Count": {
                        "min": 18,
                        "max": 22
                    }
                },
                "sell": {
                    "id": "minecraft:emerald",
                    "Count": 1
                },
                "CareerLevel": 2
            },
            {
                "action": "add",
                "buy": {
                    "id": "minecraft:spider_eye",
                    "Count": {
                        "min": 12,
                        "max": 16
                    }
                },
                "sell": {
                    "id": "minecraft:emerald",
                    "Count": 1
                },
                "CareerLevel": 2
            },
            {
                "action": "add",
                "buy": {
                    "id": "minecraft:emerald",
                    "Count": {
                        "min": 3,
                        "max": 5
                    }
                },
                "sell": {
                    "id": "minecraft:magma_cream",
                    "Count": 1
                },
                "CareerLevel": 2
            },
            {
                "action": "add",
                "buy": {
                    "id": "minecraft:emerald",
                    "Count": {
                        "min": 8,
                        "max": 12
                    }
                },
                "sell": {
                    "id": "minecraft:ghast_tear",
                    "Count": 1
                },
                "CareerLevel": 2
            },
            {
                "action": "add",
                "buy": {
                    "id": "minecraft:emerald",
                    "Count": {
                        "min": 4,
                        "max": 6
                    }
                },
                "sell": {
                    "id": "minecraft:fermented_spider_eye",
                    "Count": {
                        "min": 2,
                        "max": 3
                    }
                },
                "CareerLevel": 2
            },
            {
                "action": "add",
                "buy": {
                    "id": "minecraft:emerald",
                    "Count": {
                        "min": 3,
                        "max": 5
                    }
                },
                "sell": {
                    "id": "minecraft:potion",
                    "Count": 1,
                    "tag": {
                        "Potion": [
                            "minecraft:night_vision",
                            "minecraft:long_night_vision",
                            "minecraft:invisibility",
                            "minecraft:long_invisibility",
                            "minecraft:leaping",
                            "minecraft:long_leaping",
                            "minecraft:strong_leaping",
                            "minecraft:fire_resistance",
                            "minecraft:long_fire_resistance",
                            "minecraft:swiftness",
                            "minecraft:long_swiftness",
                            "minecraft:strong_swiftness",
                            "minecraft:slowness",
                            "minecraft:long_slowness",
                            "minecraft:water_breathing",
                            "minecraft:long_water_breathing",
                            "minecraft:healing",
                            "minecraft:strong_healing",
                            "minecraft:harming",
                            "minecraft:strong_harming",
                            "minecraft:poison",
                            "minecraft:long_poison",
                            "minecraft:strong_poison",
                            "minecraft:regeneration",
                            "minecraft:long_regeneration",
                            "minecraft:strong_regeneration",
                            "minecraft:strength",
                            "minecraft:long_strength",
                            "minecraft:strong_strength",
                            "minecraft:weakness",
                            "minecraft:long_weakness",
                            "minecraft:luck",
                            "elenaidodge2:feathers",
                            "elenaidodge2:long_feathers",
                            "elenaidodge2:strong_feathers",
                            "elenaidodge2:weight",
                            "elenaidodge2:long_weight",
                            "elenaidodge2:endurance",
                            "elenaidodge2:long_endurance",
                            "elenaidodge2:strong_endurance",
                            "elenaidodge2:forceful",
                            "elenaidodge2:long_forceful",
                            "elenaidodge2:strong_forceful",
                            "elenaidodge2:feeble",
                            "elenaidodge2:long_feeble",
                            "elenaidodge2:strong_feeble",
                            "elenaidodge2:replenishment",
                            "elenaidodge2:long_replenishment",
                            "elenaidodge2:strong_replenishment",
                            "dynamicstealth:soulsight",
                            "dynamicstealth:blindness",
                            "dynamicstealth:glowing",
                            "quark:haste",
                            "quark:long_haste",
                            "quark:strong_haste",
                            "quark:mining_fatigue",
                            "quark:long_mining_fatigue",
                            "quark:strong_mining_fatigue",
                            "quark:danger_sight",
                            "quark:long_danger_sight",
                            "potioncore:saturation",
                            "potioncore:strong_saturation",
                            "potioncore:wither",
                            "potioncore:strong_wither",
                            "potioncore:long_wither",
                            "potioncore:hunger",
                            "potioncore:strong_hunger",
                            "potioncore:long_hunger",
                            "potioncore:blindness",
                            "potioncore:strong_blindness",
                            "potioncore:long_blindness",
                            "potioncore:nausea",
                            "potioncore:long_nausea",
                            "potioncore:levitation",
                            "potioncore:strong_levitation",
                            "potioncore:long_levitation",
                            "potioncore:absorption",
                            "potioncore:strong_absorption",
                            "potioncore:long_absorption",
                            "potioncore:glowing",
                            "potioncore:long_glowing",
                            "potioncore:haste",
                            "potioncore:strong_haste",
                            "potioncore:long_haste",
                            "potioncore:mining_fatigue",
                            "potioncore:strong_mining_fatigue",
                            "potioncore:long_mining_fatigue",
                            "potioncore:health_boost",
                            "potioncore:strong_health_boost",
                            "potioncore:long_health_boost",
                            "potioncore:resistance",
                            "potioncore:strong_resistance",
                            "potioncore:long_resistance",
                            "potioncore:unluck",
                            "potioncore:love",
                            "potioncore:repair",
                            "potioncore:strong_repair",
                            "potioncore:long_repair",
                            "potioncore:flight",
                            "potioncore:long_flight",
                            "potioncore:extension",
                            "potioncore:strong_extension",
                            "potioncore:long_extension",
                            "potioncore:recoil",
                            "potioncore:strong_recoil",
                            "potioncore:long_recoil",
                            "potioncore:broken_magic_shield",
                            "potioncore:strong_broken_magic_shield",
                            "potioncore:long_broken_magic_shield",
                            "potioncore:iron_skin",
                            "potioncore:strong_iron_skin",
                            "potioncore:long_iron_skin",
                            "potioncore:purity",
                            "potioncore:long_purity",
                            "potioncore:reach",
                            "potioncore:strong_reach",
                            "potioncore:long_reach",
                            "potioncore:teleport",
                            "potioncore:strong_teleport",
                            "potioncore:teleport_surface",
                            "potioncore:magic_focus",
                            "potioncore:strong_magic_focus",
                            "potioncore:long_magic_focus",
                            "potioncore:cure",
                            "potioncore:step_up",
                            "potioncore:strong_step_up",
                            "potioncore:long_step_up",
                            "potioncore:drown",
                            "potioncore:long_drown",
                            "potioncore:teleport_spawn",
                            "potioncore:disorganization",
                            "potioncore:climb",
                            "potioncore:long_climb",
                            "potioncore:perplexity",
                            "potioncore:long_perplexity",
                            "potioncore:rust",
                            "potioncore:strong_rust",
                            "potioncore:long_rust",
                            "potioncore:vulnerable",
                            "potioncore:strong_vulnerable",
                            "potioncore:long_vulnerable",
                            "potioncore:explode",
                            "potioncore:strong_explode",
                            "potioncore:solid_core",
                            "potioncore:long_solid_core",
                            "potioncore:fire",
                            "potioncore:strong_fire",
                            "potioncore:lightning",
                            "potioncore:magic_inhibition",
                            "potioncore:strong_magic_inhibition",
                            "potioncore:long_magic_inhibition",
                            "potioncore:chance",
                            "potioncore:strong_chance",
                            "potioncore:invert",
                            "potioncore:weight",
                            "potioncore:strong_weight",
                            "potioncore:long_weight",
                            "potioncore:launch",
                            "potioncore:strong_launch",
                            "potioncore:dispel",
                            "potioncore:klutz",
                            "potioncore:strong_klutz",
                            "potioncore:long_klutz",
                            "potioncore:bless",
                            "potioncore:strong_bless",
                            "potioncore:broken_armor",
                            "potioncore:strong_broken_armor",
                            "potioncore:long_broken_armor",
                            "potioncore:magic_shield",
                            "potioncore:strong_magic_shield",
                            "potioncore:long_magic_shield",
                            "potioncore:slow_fall",
                            "potioncore:strong_slow_fall",
                            "potioncore:long_slow_fall",
                            "potioncore:antidote",
                            "potioncore:long_antidote",
                            "potioncore:spin",
                            "potioncore:strong_spin",
                            "potioncore:long_spin",
                            "potioncore:curse",
                            "potioncore:strong_curse",
                            "potioncore:burst",
                            "potioncore:strong_burst",
                            "potioncore:archery",
                            "potioncore:strong_archery",
                            "potioncore:long_archery",
                            "srparasites:coth",
                            "srparasites:fear",
                            "srparasites:res",
                            "srparasites:corro",
                            "srparasites:vira",
                            "srparasites:rage",
                            "srparasites:repel",
                            "srparasites:senses",
                            "the_great_sun_rising:cool"
                        ]
                    }
                },
                "CareerLevel": 3
            },
            {
                "action": "add",
                "buy": {
                    "id": "minecraft:emerald",
                    "Count": {
                        "min": 3,
                        "max": 5
                    }
                },
                "sell": {
                    "id": "minecraft:tipped_arrow",
                    "Count": {
                        "min": 2,
                        "max": 4
                    },
                    "tag": {
                        "Potion": [
                            "minecraft:night_vision",
                            "minecraft:long_night_vision",
                            "minecraft:invisibility",
                            "minecraft:long_invisibility",
                            "minecraft:leaping",
                            "minecraft:long_leaping",
                            "minecraft:strong_leaping",
                            "minecraft:fire_resistance",
                            "minecraft:long_fire_resistance",
                            "minecraft:swiftness",
                            "minecraft:long_swiftness",
                            "minecraft:strong_swiftness",
                            "minecraft:slowness",
                            "minecraft:long_slowness",
                            "minecraft:water_breathing",
                            "minecraft:long_water_breathing",
                            "minecraft:healing",
                            "minecraft:strong_healing",
                            "minecraft:harming",
                            "minecraft:strong_harming",
                            "minecraft:poison",
                            "minecraft:long_poison",
                            "minecraft:strong_poison",
                            "minecraft:regeneration",
                            "minecraft:long_regeneration",
                            "minecraft:strong_regeneration",
                            "minecraft:strength",
                            "minecraft:long_strength",
                            "minecraft:strong_strength",
                            "minecraft:weakness",
                            "minecraft:long_weakness",
                            "minecraft:luck",
                            "elenaidodge2:feathers",
                            "elenaidodge2:long_feathers",
                            "elenaidodge2:strong_feathers",
                            "elenaidodge2:weight",
                            "elenaidodge2:long_weight",
                            "elenaidodge2:endurance",
                            "elenaidodge2:long_endurance",
                            "elenaidodge2:strong_endurance",
                            "elenaidodge2:forceful",
                            "elenaidodge2:long_forceful",
                            "elenaidodge2:strong_forceful",
                            "elenaidodge2:feeble",
                            "elenaidodge2:long_feeble",
                            "elenaidodge2:strong_feeble",
                            "elenaidodge2:replenishment",
                            "elenaidodge2:long_replenishment",
                            "elenaidodge2:strong_replenishment",
                            "dynamicstealth:soulsight",
                            "dynamicstealth:blindness",
                            "dynamicstealth:glowing",
                            "quark:haste",
                            "quark:long_haste",
                            "quark:strong_haste",
                            "quark:mining_fatigue",
                            "quark:long_mining_fatigue",
                            "quark:strong_mining_fatigue",
                            "quark:danger_sight",
                            "quark:long_danger_sight",
                            "potioncore:saturation",
                            "potioncore:strong_saturation",
                            "potioncore:wither",
                            "potioncore:strong_wither",
                            "potioncore:long_wither",
                            "potioncore:hunger",
                            "potioncore:strong_hunger",
                            "potioncore:long_hunger",
                            "potioncore:blindness",
                            "potioncore:strong_blindness",
                            "potioncore:long_blindness",
                            "potioncore:nausea",
                            "potioncore:long_nausea",
                            "potioncore:levitation",
                            "potioncore:strong_levitation",
                            "potioncore:long_levitation",
                            "potioncore:absorption",
                            "potioncore:strong_absorption",
                            "potioncore:long_absorption",
                            "potioncore:glowing",
                            "potioncore:long_glowing",
                            "potioncore:haste",
                            "potioncore:strong_haste",
                            "potioncore:long_haste",
                            "potioncore:mining_fatigue",
                            "potioncore:strong_mining_fatigue",
                            "potioncore:long_mining_fatigue",
                            "potioncore:health_boost",
                            "potioncore:strong_health_boost",
                            "potioncore:long_health_boost",
                            "potioncore:resistance",
                            "potioncore:strong_resistance",
                            "potioncore:long_resistance",
                            "potioncore:unluck",
                            "potioncore:love",
                            "potioncore:repair",
                            "potioncore:strong_repair",
                            "potioncore:long_repair",
                            "potioncore:flight",
                            "potioncore:long_flight",
                            "potioncore:extension",
                            "potioncore:strong_extension",
                            "potioncore:long_extension",
                            "potioncore:recoil",
                            "potioncore:strong_recoil",
                            "potioncore:long_recoil",
                            "potioncore:broken_magic_shield",
                            "potioncore:strong_broken_magic_shield",
                            "potioncore:long_broken_magic_shield",
                            "potioncore:iron_skin",
                            "potioncore:strong_iron_skin",
                            "potioncore:long_iron_skin",
                            "potioncore:purity",
                            "potioncore:long_purity",
                            "potioncore:reach",
                            "potioncore:strong_reach",
                            "potioncore:long_reach",
                            "potioncore:teleport",
                            "potioncore:strong_teleport",
                            "potioncore:teleport_surface",
                            "potioncore:magic_focus",
                            "potioncore:strong_magic_focus",
                            "potioncore:long_magic_focus",
                            "potioncore:cure",
                            "potioncore:step_up",
                            "potioncore:strong_step_up",
                            "potioncore:long_step_up",
                            "potioncore:drown",
                            "potioncore:long_drown",
                            "potioncore:teleport_spawn",
                            "potioncore:disorganization",
                            "potioncore:climb",
                            "potioncore:long_climb",
                            "potioncore:perplexity",
                            "potioncore:long_perplexity",
                            "potioncore:rust",
                            "potioncore:strong_rust",
                            "potioncore:long_rust",
                            "potioncore:vulnerable",
                            "potioncore:strong_vulnerable",
                            "potioncore:long_vulnerable",
                            "potioncore:explode",
                            "potioncore:strong_explode",
                            "potioncore:solid_core",
                            "potioncore:long_solid_core",
                            "potioncore:fire",
                            "potioncore:strong_fire",
                            "potioncore:lightning",
                            "potioncore:magic_inhibition",
                            "potioncore:strong_magic_inhibition",
                            "potioncore:long_magic_inhibition",
                            "potioncore:chance",
                            "potioncore:strong_chance",
                            "potioncore:invert",
                            "potioncore:weight",
                            "potioncore:strong_weight",
                            "potioncore:long_weight",
                            "potioncore:launch",
                            "potioncore:strong_launch",
                            "potioncore:dispel",
                            "potioncore:klutz",
                            "potioncore:strong_klutz",
                            "potioncore:long_klutz",
                            "potioncore:bless",
                            "potioncore:strong_bless",
                            "potioncore:broken_armor",
                            "potioncore:strong_broken_armor",
                            "potioncore:long_broken_armor",
                            "potioncore:magic_shield",
                            "potioncore:strong_magic_shield",
                            "potioncore:long_magic_shield",
                            "potioncore:slow_fall",
                            "potioncore:strong_slow_fall",
                            "potioncore:long_slow_fall",
                            "potioncore:antidote",
                            "potioncore:long_antidote",
                            "potioncore:spin",
                            "potioncore:strong_spin",
                            "potioncore:long_spin",
                            "potioncore:curse",
                            "potioncore:strong_curse",
                            "potioncore:burst",
                            "potioncore:strong_burst",
                            "potioncore:archery",
                            "potioncore:strong_archery",
                            "potioncore:long_archery",
                            "srparasites:coth",
                            "srparasites:fear",
                            "srparasites:res",
                            "srparasites:corro",
                            "srparasites:vira",
                            "srparasites:rage",
                            "srparasites:repel",
                            "srparasites:senses",
                            "the_great_sun_rising:cool"
                        ]
                    }       
                    
                },
                "CareerLevel": 3
            }
        ]
    }
}