{
    "Profession": "minecraft:farmer",
    "Career": "farmer",
    "Offers": {
        "Recipes": [
            {
                "action": "add",
                "buy": {
                    "id": "minecraft:beetroot",
                    "Count": {
                        "min": 15,
                        "max": 19
                    }
                },
                "sell": {
                    "id": "minecraft:emerald",
                    "Count": 1
                },
                "CareerLevel": 1
            }
        ]
    }
}