{
    "Profession": "minecraft:librarian",
    "Career": "librarian",
    "Offers": {
        "Recipes": [
            {
                "action": "remove", "CareerLevel": 1,
                "buy": {
                    "id": "minecraft:emerald"
                },
                "sell": {
                    "id": "minecraft:enchanted_book",
                    "Count": 1,
					"tag": {
						"StoredEnchantments": {
                            "lvl": 1,
                            "id": 43
                        }
                    }
                }
            },
            {
                "action": "remove","CareerLevel": 1,
                "buy": {
                    "id": "minecraft:emerald"
                },
                "sell": {
                    "id": "minecraft:enchanted_book",
                    "Count": 1,
					"tag": {
						"StoredEnchantments": {
                            "lvl": 1,
                            "id": 70
                        }
                    }
                }
            }
        ]
    }
}