[
  {
    "id": "minecraft:looting",
    "name": "enchantment.lootBonus",
    "enabled": true,
    "hide_on_item": false,
    "hide_on_book": false,
    "rarity": "RARE",
    "treasure": false,
    "double_price": false,
    "curse": false,
    "allowed_on_books": true,
    "min_lvl": 1,
    "max_lvl": 3,
    "custom_evaluations": false,
    "min_ench_eval": "15+9*(LVL-1)",
    "max_ench_eval": "(1+10*LVL)+50",
    "type": "WEAPON",
    "equipment_slots": [
      "MAINHAND"
    ],
    "incompat_mode": 0,
    "incompatible": [],
    "applicability_mode": 0,
    "items_list_mode": 0,
    "items_list": [],
    "description": []
  },
  {
    "id": "minecraft:silk_touch",
    "name": "enchantment.untouching",
    "enabled": true,
    "hide_on_item": false,
    "hide_on_book": false,
    "rarity": "VERY_RARE",
    "treasure": false,
    "double_price": false,
    "curse": false,
    "allowed_on_books": true,
    "min_lvl": 1,
    "max_lvl": 1,
    "custom_evaluations": false,
    "min_ench_eval": "15",
    "max_ench_eval": "(1+10*LVL)+50",
    "type": "DIGGER",
    "equipment_slots": [
      "MAINHAND"
    ],
    "incompat_mode": 0,
    "incompatible": [],
    "applicability_mode": 0,
    "items_list_mode": 0,
    "items_list": [],
    "description": []
  },
  {
    "id": "minecraft:flame",
    "name": "enchantment.arrowFire",
    "enabled": true,
    "hide_on_item": false,
    "hide_on_book": false,
    "rarity": "RARE",
    "treasure": false,
    "double_price": false,
    "curse": false,
    "allowed_on_books": true,
    "min_lvl": 1,
    "max_lvl": 1,
    "custom_evaluations": false,
    "min_ench_eval": "20",
    "max_ench_eval": "50",
    "type": "BOW",
    "equipment_slots": [
      "MAINHAND"
    ],
    "incompat_mode": 0,
    "incompatible": [],
    "applicability_mode": 0,
    "items_list_mode": 0,
    "items_list": [],
    "description": []
  },
  {
    "id": "minecraft:aqua_affinity",
    "name": "enchantment.waterWorker",
    "enabled": true,
    "hide_on_item": false,
    "hide_on_book": false,
    "rarity": "RARE",
    "treasure": false,
    "double_price": false,
    "curse": false,
    "allowed_on_books": true,
    "min_lvl": 1,
    "max_lvl": 1,
    "custom_evaluations": false,
    "min_ench_eval": "1",
    "max_ench_eval": "MIN+40",
    "type": "ARMOR_HEAD",
    "equipment_slots": [
      "HEAD",
      "CHEST",
      "LEGS",
      "FEET"
    ],
    "incompat_mode": 0,
    "incompatible": [],
    "applicability_mode": 0,
    "items_list_mode": 0,
    "items_list": [],
    "description": []
  },
  {
    "id": "walljump:doublejump",
    "name": "enchantment.doublejump",
    "enabled": true,
    "hide_on_item": false,
    "hide_on_book": false,
    "rarity": "RARE",
    "treasure": false,
    "double_price": false,
    "curse": false,
    "allowed_on_books": true,
    "min_lvl": 1,
    "max_lvl": 2,
    "custom_evaluations": false,
    "min_ench_eval": "1+LVL*10",
    "max_ench_eval": "MIN+5",
    "type": "ARMOR_FEET",
    "equipment_slots": [
      "FEET"
    ],
    "incompat_mode": 0,
    "incompatible": [],
    "applicability_mode": 0,
    "items_list_mode": 0,
    "items_list": [],
    "description": []
  },
  {
    "id": "wonderful_enchantments:pufferfish_vengeance",
    "name": "enchantment.pufferfish_vengeance",
    "enabled": true,
    "hide_on_item": false,
    "hide_on_book": false,
    "rarity": "RARE",
    "treasure": false,
    "double_price": false,
    "curse": false,
    "allowed_on_books": true,
    "min_lvl": 1,
    "max_lvl": 2,
    "custom_evaluations": false,
    "min_ench_eval": "1+LVL*10",
    "max_ench_eval": "MIN+5",
    "type": "WEAPON",
    "equipment_slots": [
      "MAINHAND"
    ],
    "incompat_mode": 0,
    "incompatible": [],
    "applicability_mode": 0,
    "items_list_mode": 0,
    "items_list": [],
    "description": []
  },
  {
    "id": "minecraft:punch",
    "name": "enchantment.arrowKnockback",
    "enabled": true,
    "hide_on_item": false,
    "hide_on_book": false,
    "rarity": "RARE",
    "treasure": false,
    "double_price": false,
    "curse": false,
    "allowed_on_books": true,
    "min_lvl": 1,
    "max_lvl": 2,
    "custom_evaluations": false,
    "min_ench_eval": "12+20*(LVL-1)",
    "max_ench_eval": "MIN+25",
    "type": "BOW",
    "equipment_slots": [
      "MAINHAND"
    ],
    "incompat_mode": 0,
    "incompatible": [],
    "applicability_mode": 0,
    "items_list_mode": 0,
    "items_list": [],
    "description": []
  },
  {
    "id": "minecraft:sharpness",
    "name": "enchantment.damage.all",
    "enabled": true,
    "hide_on_item": false,
    "hide_on_book": false,
    "rarity": "COMMON",
    "treasure": false,
    "double_price": false,
    "curse": false,
    "allowed_on_books": true,
    "min_lvl": 1,
    "max_lvl": 5,
    "custom_evaluations": false,
    "min_ench_eval": "1+11*(LVL-1)",
    "max_ench_eval": "MIN+20",
    "type": "WEAPON",
    "equipment_slots": [
      "MAINHAND"
    ],
    "incompat_mode": 0,
    "incompatible": [],
    "applicability_mode": 0,
    "items_list_mode": 0,
    "items_list": [],
    "description": []
  },
  {
    "id": "trident:loyalty",
    "name": "enchantment.minecraft.loyalty",
    "enabled": true,
    "hide_on_item": false,
    "hide_on_book": false,
    "rarity": "UNCOMMON",
    "treasure": false,
    "double_price": false,
    "curse": false,
    "allowed_on_books": true,
    "min_lvl": 1,
    "max_lvl": 3,
    "custom_evaluations": false,
    "min_ench_eval": "1+LVL*10",
    "max_ench_eval": "MIN+5",
    "type": "TRIDENT",
    "equipment_slots": [
      "MAINHAND"
    ],
    "incompat_mode": 0,
    "incompatible": [],
    "applicability_mode": 0,
    "items_list_mode": 0,
    "items_list": [],
    "description": []
  },
  {
    "id": "wonderful_enchantments:enlightenment",
    "name": "enchantment.enlightenment",
    "enabled": true,
    "hide_on_item": false,
    "hide_on_book": false,
    "rarity": "RARE",
    "treasure": false,
    "double_price": false,
    "curse": false,
    "allowed_on_books": true,
    "min_lvl": 1,
    "max_lvl": 2,
    "custom_evaluations": false,
    "min_ench_eval": "1+LVL*10",
    "max_ench_eval": "MIN+5",
    "type": "ARMOR",
    "equipment_slots": [
      "HEAD",
      "CHEST",
      "LEGS",
      "FEET"
    ],
    "incompat_mode": 0,
    "incompatible": [],
    "applicability_mode": 0,
    "items_list_mode": 0,
    "items_list": [],
    "description": []
  },
  {
    "id": "minecraft:frost_walker",
    "name": "enchantment.frostWalker",
    "enabled": true,
    "hide_on_item": false,
    "hide_on_book": false,
    "rarity": "RARE",
    "treasure": true,
    "double_price": true,
    "curse": false,
    "allowed_on_books": true,
    "min_lvl": 1,
    "max_lvl": 2,
    "custom_evaluations": false,
    "min_ench_eval": "LVL*10",
    "max_ench_eval": "MIN+15",
    "type": "ARMOR_FEET",
    "equipment_slots": [
      "FEET"
    ],
    "incompat_mode": 0,
    "incompatible": [],
    "applicability_mode": 0,
    "items_list_mode": 0,
    "items_list": [],
    "description": []
  },
  {
    "id": "nyx:lunar_edge",
    "name": "enchantment.nyx.lunar_edge",
    "enabled": false,
    "hide_on_item": false,
    "hide_on_book": false,
    "rarity": "UNCOMMON",
    "treasure": false,
    "double_price": false,
    "curse": false,
    "allowed_on_books": true,
    "min_lvl": 1,
    "max_lvl": 5,
    "custom_evaluations": false,
    "min_ench_eval": "1+LVL*10",
    "max_ench_eval": "MIN+5",
    "type": "WEAPON",
    "equipment_slots": [
      "MAINHAND",
      "OFFHAND"
    ],
    "incompat_mode": 0,
    "incompatible": [],
    "applicability_mode": 0,
    "items_list_mode": 0,
    "items_list": [],
    "description": []
  },
  {
    "id": "wonderful_enchantments:phoenix_dive",
    "name": "enchantment.phoenix_dive",
    "enabled": true,
    "hide_on_item": false,
    "hide_on_book": false,
    "rarity": "RARE",
    "treasure": false,
    "double_price": false,
    "curse": false,
    "allowed_on_books": true,
    "min_lvl": 1,
    "max_lvl": 3,
    "custom_evaluations": false,
    "min_ench_eval": "1+LVL*10",
    "max_ench_eval": "MIN+5",
    "type": "ARMOR_FEET",
    "equipment_slots": [
      "FEET"
    ],
    "incompat_mode": 0,
    "incompatible": [],
    "applicability_mode": 0,
    "items_list_mode": 0,
    "items_list": [],
    "description": []
  },
  {
    "id": "wonderful_enchantments:fatigue_curse",
    "name": "enchantment.fatigue_curse",
    "enabled": true,
    "hide_on_item": false,
    "hide_on_book": false,
    "rarity": "RARE",
    "treasure": true,
    "double_price": true,
    "curse": true,
    "allowed_on_books": true,
    "min_lvl": 1,
    "max_lvl": 3,
    "custom_evaluations": false,
    "min_ench_eval": "1+LVL*10",
    "max_ench_eval": "MIN+5",
    "type": "DIGGER",
    "equipment_slots": [
      "MAINHAND",
      "OFFHAND",
      "HEAD",
      "CHEST",
      "LEGS",
      "FEET"
    ],
    "incompat_mode": 0,
    "incompatible": [],
    "applicability_mode": 0,
    "items_list_mode": 0,
    "items_list": [],
    "description": []
  },
  {
    "id": "minecraft:protection",
    "name": "enchantment.protect.all",
    "enabled": true,
    "hide_on_item": false,
    "hide_on_book": false,
    "rarity": "COMMON",
    "treasure": false,
    "double_price": false,
    "curse": false,
    "allowed_on_books": true,
    "min_lvl": 1,
    "max_lvl": 4,
    "custom_evaluations": false,
    "min_ench_eval": "1+11*(LVL-1)",
    "max_ench_eval": "MIN+20",
    "type": "ARMOR",
    "equipment_slots": [
      "HEAD",
      "CHEST",
      "LEGS",
      "FEET"
    ],
    "incompat_mode": 0,
    "incompatible": [],
    "applicability_mode": 0,
    "items_list_mode": 0,
    "items_list": [],
    "description": []
  },
  {
    "id": "minecraft:mending",
    "name": "enchantment.mending",
    "enabled": true,
    "hide_on_item": false,
    "hide_on_book": false,
    "rarity": "VERY_RARE",
    "treasure": true,
    "double_price": true,
    "curse": false,
    "allowed_on_books": true,
    "min_lvl": 1,
    "max_lvl": 1,
    "custom_evaluations": false,
    "min_ench_eval": "LVL*25",
    "max_ench_eval": "MIN+50",
    "type": "BREAKABLE",
    "equipment_slots": [
      "MAINHAND",
      "OFFHAND",
      "FEET",
      "LEGS",
      "CHEST",
      "HEAD"
    ],
    "incompat_mode": 0,
    "incompatible": [],
    "applicability_mode": 0,
    "items_list_mode": 0,
    "items_list": [],
    "description": []
  },
  {
    "id": "wonderful_enchantments:slowness_curse",
    "name": "enchantment.slowness_curse",
    "enabled": true,
    "hide_on_item": false,
    "hide_on_book": false,
    "rarity": "RARE",
    "treasure": true,
    "double_price": true,
    "curse": true,
    "allowed_on_books": true,
    "min_lvl": 1,
    "max_lvl": 1,
    "custom_evaluations": false,
    "min_ench_eval": "1+LVL*10",
    "max_ench_eval": "MIN+5",
    "type": "BREAKABLE",
    "equipment_slots": [
      "MAINHAND",
      "OFFHAND",
      "HEAD",
      "CHEST",
      "LEGS",
      "FEET"
    ],
    "incompat_mode": 0,
    "incompatible": [],
    "applicability_mode": 0,
    "items_list_mode": 0,
    "items_list": [],
    "description": []
  },
  {
    "id": "minecraft:smite",
    "name": "enchantment.damage.undead",
    "enabled": true,
    "hide_on_item": false,
    "hide_on_book": false,
    "rarity": "UNCOMMON",
    "treasure": false,
    "double_price": false,
    "curse": false,
    "allowed_on_books": true,
    "min_lvl": 1,
    "max_lvl": 5,
    "custom_evaluations": false,
    "min_ench_eval": "5+8*(LVL-1)",
    "max_ench_eval": "MIN+20",
    "type": "WEAPON",
    "equipment_slots": [
      "MAINHAND"
    ],
    "incompat_mode": 0,
    "incompatible": [],
    "applicability_mode": 0,
    "items_list_mode": 0,
    "items_list": [],
    "description": []
  },
  {
    "id": "minecraft:fire_aspect",
    "name": "enchantment.fire",
    "enabled": true,
    "hide_on_item": false,
    "hide_on_book": false,
    "rarity": "RARE",
    "treasure": false,
    "double_price": false,
    "curse": false,
    "allowed_on_books": true,
    "min_lvl": 1,
    "max_lvl": 2,
    "custom_evaluations": false,
    "min_ench_eval": "10+20*(LVL-1)*",
    "max_ench_eval": "MIN+50",
    "type": "WEAPON",
    "equipment_slots": [
      "MAINHAND"
    ],
    "incompat_mode": 0,
    "incompatible": [],
    "applicability_mode": 0,
    "items_list_mode": 0,
    "items_list": [],
    "description": []
  },
  {
    "id": "minecraft:knockback",
    "name": "enchantment.knockback",
    "enabled": true,
    "hide_on_item": false,
    "hide_on_book": false,
    "rarity": "UNCOMMON",
    "treasure": false,
    "double_price": false,
    "curse": false,
    "allowed_on_books": true,
    "min_lvl": 1,
    "max_lvl": 2,
    "custom_evaluations": false,
    "min_ench_eval": "5+20*(LVL-1)",
    "max_ench_eval": "(1+10*LVL)+50",
    "type": "WEAPON",
    "equipment_slots": [
      "MAINHAND"
    ],
    "incompat_mode": 0,
    "incompatible": [],
    "applicability_mode": 0,
    "items_list_mode": 0,
    "items_list": [],
    "description": []
  },
  {
    "id": "wonderful_enchantments:immortality",
    "name": "enchantment.immortality",
    "enabled": false,
    "hide_on_item": false,
    "hide_on_book": false,
    "rarity": "VERY_RARE",
    "treasure": true,
    "double_price": true,
    "curse": false,
    "allowed_on_books": true,
    "min_lvl": 1,
    "max_lvl": 1,
    "custom_evaluations": false,
    "min_ench_eval": "1+LVL*10",
    "max_ench_eval": "MIN+5",
    "type": "BREAKABLE",
    "equipment_slots": [
      "MAINHAND",
      "OFFHAND"
    ],
    "incompat_mode": 0,
    "incompatible": [],
    "applicability_mode": 0,
    "items_list_mode": 0,
    "items_list": [],
    "description": []
  },
  {
    "id": "minecraft:depth_strider",
    "name": "enchantment.waterWalker",
    "enabled": true,
    "hide_on_item": false,
    "hide_on_book": false,
    "rarity": "RARE",
    "treasure": false,
    "double_price": false,
    "curse": false,
    "allowed_on_books": true,
    "min_lvl": 1,
    "max_lvl": 3,
    "custom_evaluations": false,
    "min_ench_eval": "LVL*10",
    "max_ench_eval": "MIN+15",
    "type": "ARMOR_FEET",
    "equipment_slots": [
      "HEAD",
      "CHEST",
      "LEGS",
      "FEET"
    ],
    "incompat_mode": 0,
    "incompatible": [],
    "applicability_mode": 0,
    "items_list_mode": 0,
    "items_list": [],
    "description": []
  },
  {
    "id": "wonderful_enchantments:human_slayer",
    "name": "Enchantment Against Humanity",
    "enabled": true,
    "hide_on_item": false,
    "hide_on_book": false,
    "rarity": "UNCOMMON",
    "treasure": false,
    "double_price": false,
    "curse": false,
    "allowed_on_books": true,
    "min_lvl": 1,
    "max_lvl": 5,
    "custom_evaluations": false,
    "min_ench_eval": "1+LVL*10",
    "max_ench_eval": "MIN+5",
    "type": "WEAPON",
    "equipment_slots": [
      "MAINHAND"
    ],
    "incompat_mode": 0,
    "incompatible": [],
    "applicability_mode": 0,
    "items_list_mode": 0,
    "items_list": [],
    "description": []
  },
  {
    "id": "wonderful_enchantments:dodge",
    "name": "enchantment.dodge",
    "enabled": true,
    "hide_on_item": false,
    "hide_on_book": false,
    "rarity": "RARE",
    "treasure": false,
    "double_price": false,
    "curse": false,
    "allowed_on_books": true,
    "min_lvl": 1,
    "max_lvl": 2,
    "custom_evaluations": false,
    "min_ench_eval": "1+LVL*10",
    "max_ench_eval": "MIN+5",
    "type": "ARMOR_LEGS",
    "equipment_slots": [
      "LEGS"
    ],
    "incompat_mode": 0,
    "incompatible": [],
    "applicability_mode": 0,
    "items_list_mode": 0,
    "items_list": [],
    "description": []
  },
  {
    "id": "walljump:speedboost",
    "name": "enchantment.speedboost",
    "enabled": true,
    "hide_on_item": false,
    "hide_on_book": false,
    "rarity": "RARE",
    "treasure": false,
    "double_price": false,
    "curse": false,
    "allowed_on_books": true,
    "min_lvl": 1,
    "max_lvl": 1,
    "custom_evaluations": false,
    "min_ench_eval": "1+LVL*10",
    "max_ench_eval": "MIN+5",
    "type": "ARMOR_FEET",
    "equipment_slots": [
      "FEET"
    ],
    "incompat_mode": 0,
    "incompatible": [],
    "applicability_mode": 0,
    "items_list_mode": 0,
    "items_list": [],
    "description": []
  },
  {
    "id": "minecraft:infinity",
    "name": "enchantment.arrowInfinite",
    "enabled": true,
    "hide_on_item": false,
    "hide_on_book": false,
    "rarity": "VERY_RARE",
    "treasure": false,
    "double_price": false,
    "curse": false,
    "allowed_on_books": true,
    "min_lvl": 1,
    "max_lvl": 1,
    "custom_evaluations": false,
    "min_ench_eval": "20",
    "max_ench_eval": "50",
    "type": "BOW",
    "equipment_slots": [
      "MAINHAND"
    ],
    "incompat_mode": 0,
    "incompatible": [],
    "applicability_mode": 0,
    "items_list_mode": 0,
    "items_list": [],
    "description": []
  },
  {
    "id": "minecraft:vanishing_curse",
    "name": "enchantment.vanishing_curse",
    "enabled": true,
    "hide_on_item": false,
    "hide_on_book": false,
    "rarity": "VERY_RARE",
    "treasure": true,
    "double_price": true,
    "curse": true,
    "allowed_on_books": true,
    "min_lvl": 1,
    "max_lvl": 1,
    "custom_evaluations": false,
    "min_ench_eval": "25",
    "max_ench_eval": "50",
    "type": "ALL",
    "equipment_slots": [
      "MAINHAND",
      "OFFHAND",
      "FEET",
      "LEGS",
      "CHEST",
      "HEAD"
    ],
    "incompat_mode": 0,
    "incompatible": [],
    "applicability_mode": 0,
    "items_list_mode": 0,
    "items_list": [],
    "description": []
  },
  {
    "id": "minecraft:efficiency",
    "name": "enchantment.digging",
    "enabled": true,
    "hide_on_item": false,
    "hide_on_book": false,
    "rarity": "COMMON",
    "treasure": false,
    "double_price": false,
    "curse": false,
    "allowed_on_books": true,
    "min_lvl": 1,
    "max_lvl": 5,
    "custom_evaluations": false,
    "min_ench_eval": "1+10*(LVL-1)",
    "max_ench_eval": "(1+10*LVL)+50",
    "type": "DIGGER",
    "equipment_slots": [
      "MAINHAND"
    ],
    "incompat_mode": 0,
    "incompatible": [],
    "applicability_mode": 0,
    "items_list_mode": 0,
    "items_list": [],
    "description": []
  },
  {
    "id": "vtweaks:imperishable",
    "name": "enchantment.vtweaks:imperishable",
    "enabled": true,
    "hide_on_item": false,
    "hide_on_book": false,
    "rarity": "UNCOMMON",
    "treasure": false,
    "double_price": false,
    "curse": false,
    "allowed_on_books": true,
    "min_lvl": 1,
    "max_lvl": 1,
    "custom_evaluations": false,
    "min_ench_eval": "1+LVL*10",
    "max_ench_eval": "MIN+5",
    "type": "BREAKABLE",
    "equipment_slots": [
      "MAINHAND",
      "OFFHAND",
      "FEET",
      "LEGS",
      "CHEST",
      "HEAD"
    ],
    "incompat_mode": 0,
    "incompatible": [],
    "applicability_mode": 0,
    "items_list_mode": 0,
    "items_list": [],
    "description": []
  },
  {
    "id": "wonderful_enchantments:vitality",
    "name": "enchantment.vitality",
    "enabled": true,
    "hide_on_item": false,
    "hide_on_book": false,
    "rarity": "RARE",
    "treasure": false,
    "double_price": false,
    "curse": false,
    "allowed_on_books": true,
    "min_lvl": 1,
    "max_lvl": 3,
    "custom_evaluations": false,
    "min_ench_eval": "1+LVL*10",
    "max_ench_eval": "MIN+5",
    "type": "BREAKABLE",
    "equipment_slots": [
      "MAINHAND",
      "OFFHAND"
    ],
    "incompat_mode": 0,
    "incompatible": [],
    "applicability_mode": 0,
    "items_list_mode": 0,
    "items_list": [],
    "description": []
  },
  {
    "id": "minecraft:fortune",
    "name": "enchantment.lootBonusDigger",
    "enabled": true,
    "hide_on_item": false,
    "hide_on_book": false,
    "rarity": "RARE",
    "treasure": false,
    "double_price": false,
    "curse": false,
    "allowed_on_books": true,
    "min_lvl": 1,
    "max_lvl": 3,
    "custom_evaluations": false,
    "min_ench_eval": "15+9*(LVL-1)",
    "max_ench_eval": "(1+10*LVL)+50",
    "type": "DIGGER",
    "equipment_slots": [
      "MAINHAND"
    ],
    "incompat_mode": 0,
    "incompatible": [],
    "applicability_mode": 0,
    "items_list_mode": 0,
    "items_list": [],
    "description": []
  },
  {
    "id": "minecraft:binding_curse",
    "name": "enchantment.binding_curse",
    "enabled": true,
    "hide_on_item": false,
    "hide_on_book": false,
    "rarity": "VERY_RARE",
    "treasure": true,
    "double_price": true,
    "curse": true,
    "allowed_on_books": true,
    "min_lvl": 1,
    "max_lvl": 1,
    "custom_evaluations": false,
    "min_ench_eval": "25",
    "max_ench_eval": "50",
    "type": "WEARABLE",
    "equipment_slots": [
      "HEAD",
      "CHEST",
      "LEGS",
      "FEET"
    ],
    "incompat_mode": 0,
    "incompatible": [],
    "applicability_mode": 0,
    "items_list_mode": 0,
    "items_list": [],
    "description": []
  },
  {
    "id": "livingenchantment:enchantment.living",
    "name": "enchantment.living",
    "enabled": true,
    "hide_on_item": false,
    "hide_on_book": false,
    "rarity": "VERY_RARE",
    "treasure": true,
    "double_price": true,
    "curse": false,
    "allowed_on_books": true,
    "min_lvl": 1,
    "max_lvl": 1,
    "custom_evaluations": false,
    "min_ench_eval": "1+LVL*10",
    "max_ench_eval": "MIN+5",
    "type": "ALL",
    "equipment_slots": [
      "MAINHAND",
      "OFFHAND",
      "CHEST",
      "FEET",
      "HEAD",
      "LEGS"
    ],
    "incompat_mode": 0,
    "incompatible": [],
    "applicability_mode": 0,
    "items_list_mode": 0,
    "items_list": [],
    "description": []
  },
  {
    "id": "minecraft:projectile_protection",
    "name": "enchantment.protect.projectile",
    "enabled": true,
    "hide_on_item": false,
    "hide_on_book": false,
    "rarity": "UNCOMMON",
    "treasure": false,
    "double_price": false,
    "curse": false,
    "allowed_on_books": true,
    "min_lvl": 1,
    "max_lvl": 4,
    "custom_evaluations": false,
    "min_ench_eval": "3+6*(LVL-1)",
    "max_ench_eval": "MIN+5",
    "type": "ARMOR",
    "equipment_slots": [
      "HEAD",
      "CHEST",
      "LEGS",
      "FEET"
    ],
    "incompat_mode": 0,
    "incompatible": [],
    "applicability_mode": 0,
    "items_list_mode": 0,
    "items_list": [],
    "description": []
  },
  {
    "id": "minecraft:power",
    "name": "enchantment.arrowDamage",
    "enabled": true,
    "hide_on_item": false,
    "hide_on_book": false,
    "rarity": "COMMON",
    "treasure": false,
    "double_price": false,
    "curse": false,
    "allowed_on_books": true,
    "min_lvl": 1,
    "max_lvl": 5,
    "custom_evaluations": false,
    "min_ench_eval": "1+10*(LVL-1)",
    "max_ench_eval": "MIN+15",
    "type": "BOW",
    "equipment_slots": [
      "MAINHAND"
    ],
    "incompat_mode": 0,
    "incompatible": [],
    "applicability_mode": 0,
    "items_list_mode": 0,
    "items_list": [],
    "description": []
  },
  {
    "id": "trident:channeling",
    "name": "enchantment.minecraft.channeling",
    "enabled": true,
    "hide_on_item": false,
    "hide_on_book": false,
    "rarity": "VERY_RARE",
    "treasure": false,
    "double_price": false,
    "curse": false,
    "allowed_on_books": true,
    "min_lvl": 1,
    "max_lvl": 1,
    "custom_evaluations": false,
    "min_ench_eval": "1+LVL*10",
    "max_ench_eval": "MIN+5",
    "type": "TRIDENT",
    "equipment_slots": [
      "MAINHAND"
    ],
    "incompat_mode": 0,
    "incompatible": [],
    "applicability_mode": 0,
    "items_list_mode": 0,
    "items_list": [],
    "description": []
  },
  {
    "id": "trident:riptide",
    "name": "enchantment.minecraft.riptide",
    "enabled": true,
    "hide_on_item": false,
    "hide_on_book": false,
    "rarity": "RARE",
    "treasure": false,
    "double_price": false,
    "curse": false,
    "allowed_on_books": true,
    "min_lvl": 1,
    "max_lvl": 3,
    "custom_evaluations": false,
    "min_ench_eval": "1+LVL*10",
    "max_ench_eval": "MIN+5",
    "type": "TRIDENT",
    "equipment_slots": [
      "MAINHAND"
    ],
    "incompat_mode": 0,
    "incompatible": [],
    "applicability_mode": 0,
    "items_list_mode": 0,
    "items_list": [],
    "description": []
  },
  {
    "id": "minecraft:fire_protection",
    "name": "enchantment.protect.fire",
    "enabled": true,
    "hide_on_item": false,
    "hide_on_book": false,
    "rarity": "UNCOMMON",
    "treasure": false,
    "double_price": false,
    "curse": false,
    "allowed_on_books": true,
    "min_lvl": 1,
    "max_lvl": 4,
    "custom_evaluations": false,
    "min_ench_eval": "10+8*(LVL-1)",
    "max_ench_eval": "MIN+12",
    "type": "ARMOR",
    "equipment_slots": [
      "HEAD",
      "CHEST",
      "LEGS",
      "FEET"
    ],
    "incompat_mode": 0,
    "incompatible": [],
    "applicability_mode": 0,
    "items_list_mode": 0,
    "items_list": [],
    "description": []
  },
  {
    "id": "wonderful_enchantments:fishing_fanatic",
    "name": "enchantment.fishing_fanatic",
    "enabled": true,
    "hide_on_item": false,
    "hide_on_book": false,
    "rarity": "UNCOMMON",
    "treasure": true,
    "double_price": true,
    "curse": false,
    "allowed_on_books": true,
    "min_lvl": 1,
    "max_lvl": 6,
    "custom_evaluations": false,
    "min_ench_eval": "1+LVL*10",
    "max_ench_eval": "MIN+5",
    "type": "FISHING_ROD",
    "equipment_slots": [
      "MAINHAND"
    ],
    "incompat_mode": 0,
    "incompatible": [],
    "applicability_mode": 0,
    "items_list_mode": 0,
    "items_list": [],
    "description": []
  },
  {
    "id": "nyx:lunar_shield",
    "name": "enchantment.nyx.lunar_shield",
    "enabled": false,
    "hide_on_item": false,
    "hide_on_book": false,
    "rarity": "UNCOMMON",
    "treasure": false,
    "double_price": false,
    "curse": false,
    "allowed_on_books": true,
    "min_lvl": 1,
    "max_lvl": 4,
    "custom_evaluations": false,
    "min_ench_eval": "1+LVL*10",
    "max_ench_eval": "MIN+5",
    "type": "ARMOR",
    "equipment_slots": [
      "HEAD",
      "CHEST",
      "LEGS",
      "FEET"
    ],
    "incompat_mode": 0,
    "incompatible": [],
    "applicability_mode": 0,
    "items_list_mode": 0,
    "items_list": [],
    "description": []
  },
  {
    "id": "wonderful_enchantments:smelter",
    "name": "enchantment.smelter",
    "enabled": true,
    "hide_on_item": false,
    "hide_on_book": false,
    "rarity": "RARE",
    "treasure": false,
    "double_price": false,
    "curse": false,
    "allowed_on_books": true,
    "min_lvl": 1,
    "max_lvl": 3,
    "custom_evaluations": false,
    "min_ench_eval": "1+LVL*10",
    "max_ench_eval": "MIN+5",
    "type": "DIGGER",
    "equipment_slots": [
      "MAINHAND"
    ],
    "incompat_mode": 0,
    "incompatible": [],
    "applicability_mode": 0,
    "items_list_mode": 0,
    "items_list": [],
    "description": []
  },
  {
    "id": "minecraft:luck_of_the_sea",
    "name": "enchantment.lootBonusFishing",
    "enabled": true,
    "hide_on_item": false,
    "hide_on_book": false,
    "rarity": "RARE",
    "treasure": false,
    "double_price": false,
    "curse": false,
    "allowed_on_books": true,
    "min_lvl": 1,
    "max_lvl": 3,
    "custom_evaluations": false,
    "min_ench_eval": "15+9*(LVL-1)",
    "max_ench_eval": "(1+10*LVL)+50",
    "type": "FISHING_ROD",
    "equipment_slots": [
      "MAINHAND"
    ],
    "incompat_mode": 0,
    "incompatible": [],
    "applicability_mode": 0,
    "items_list_mode": 0,
    "items_list": [],
    "description": []
  },
  {
    "id": "minecraft:respiration",
    "name": "enchantment.oxygen",
    "enabled": true,
    "hide_on_item": false,
    "hide_on_book": false,
    "rarity": "RARE",
    "treasure": false,
    "double_price": false,
    "curse": false,
    "allowed_on_books": true,
    "min_lvl": 1,
    "max_lvl": 3,
    "custom_evaluations": false,
    "min_ench_eval": "LVL*10",
    "max_ench_eval": "MIN+30",
    "type": "ARMOR_HEAD",
    "equipment_slots": [
      "HEAD",
      "CHEST",
      "LEGS",
      "FEET"
    ],
    "incompat_mode": 0,
    "incompatible": [],
    "applicability_mode": 0,
    "items_list_mode": 0,
    "items_list": [],
    "description": []
  },
  {
    "id": "minecraft:feather_falling",
    "name": "enchantment.protect.fall",
    "enabled": true,
    "hide_on_item": false,
    "hide_on_book": false,
    "rarity": "UNCOMMON",
    "treasure": false,
    "double_price": false,
    "curse": false,
    "allowed_on_books": true,
    "min_lvl": 1,
    "max_lvl": 4,
    "custom_evaluations": false,
    "min_ench_eval": "5+6*(LVL-1)",
    "max_ench_eval": "MIN+10",
    "type": "ARMOR_FEET",
    "equipment_slots": [
      "HEAD",
      "CHEST",
      "LEGS",
      "FEET"
    ],
    "incompat_mode": 0,
    "incompatible": [],
    "applicability_mode": 0,
    "items_list_mode": 0,
    "items_list": [],
    "description": []
  },
  {
    "id": "minecraft:unbreaking",
    "name": "enchantment.durability",
    "enabled": true,
    "hide_on_item": false,
    "hide_on_book": false,
    "rarity": "UNCOMMON",
    "treasure": false,
    "double_price": false,
    "curse": false,
    "allowed_on_books": true,
    "min_lvl": 1,
    "max_lvl": 3,
    "custom_evaluations": false,
    "min_ench_eval": "5+8*(LVL-1)",
    "max_ench_eval": "(1+10*LVL)+50",
    "type": "BREAKABLE",
    "equipment_slots": [
      "MAINHAND"
    ],
    "incompat_mode": 0,
    "incompatible": [],
    "applicability_mode": 0,
    "items_list_mode": 0,
    "items_list": [],
    "description": []
  },
  {
    "id": "minecraft:lure",
    "name": "enchantment.fishingSpeed",
    "enabled": true,
    "hide_on_item": false,
    "hide_on_book": false,
    "rarity": "RARE",
    "treasure": false,
    "double_price": false,
    "curse": false,
    "allowed_on_books": true,
    "min_lvl": 1,
    "max_lvl": 3,
    "custom_evaluations": false,
    "min_ench_eval": "15+9*(LVL-1)",
    "max_ench_eval": "(1+10*LVL)+50",
    "type": "FISHING_ROD",
    "equipment_slots": [
      "MAINHAND"
    ],
    "incompat_mode": 0,
    "incompatible": [],
    "applicability_mode": 0,
    "items_list_mode": 0,
    "items_list": [],
    "description": []
  },
  {
    "id": "trident:impaling",
    "name": "enchantment.minecraft.impaling",
    "enabled": true,
    "hide_on_item": false,
    "hide_on_book": false,
    "rarity": "RARE",
    "treasure": false,
    "double_price": false,
    "curse": false,
    "allowed_on_books": true,
    "min_lvl": 1,
    "max_lvl": 5,
    "custom_evaluations": false,
    "min_ench_eval": "1+LVL*10",
    "max_ench_eval": "MIN+5",
    "type": "TRIDENT",
    "equipment_slots": [
      "MAINHAND"
    ],
    "incompat_mode": 0,
    "incompatible": [],
    "applicability_mode": 0,
    "items_list_mode": 0,
    "items_list": [],
    "description": []
  },
  {
    "id": "spartanshields:ssenchspikes",
    "name": "enchantment.spartanshields:spikes",
    "enabled": true,
    "hide_on_item": false,
    "hide_on_book": false,
    "rarity": "UNCOMMON",
    "treasure": false,
    "double_price": false,
    "curse": false,
    "allowed_on_books": true,
    "min_lvl": 1,
    "max_lvl": 3,
    "custom_evaluations": false,
    "min_ench_eval": "1+LVL*10",
    "max_ench_eval": "MIN+5",
    "type": "ss_shield",
    "equipment_slots": [
      "MAINHAND",
      "OFFHAND"
    ],
    "incompat_mode": 0,
    "incompatible": [],
    "applicability_mode": 0,
    "items_list_mode": 0,
    "items_list": [],
    "description": []
  },
  {
    "id": "minecraft:sweeping",
    "name": "enchantment.sweeping",
    "enabled": true,
    "hide_on_item": false,
    "hide_on_book": false,
    "rarity": "RARE",
    "treasure": false,
    "double_price": false,
    "curse": false,
    "allowed_on_books": true,
    "min_lvl": 1,
    "max_lvl": 3,
    "custom_evaluations": false,
    "min_ench_eval": "5+9*(LVL-1)",
    "max_ench_eval": "MIN+15",
    "type": "WEAPON",
    "equipment_slots": [
      "MAINHAND"
    ],
    "incompat_mode": 0,
    "incompatible": [],
    "applicability_mode": 0,
    "items_list_mode": 0,
    "items_list": [],
    "description": []
  },
  {
    "id": "walljump:walljump",
    "name": "enchantment.walljump",
    "enabled": true,
    "hide_on_item": false,
    "hide_on_book": false,
    "rarity": "UNCOMMON",
    "treasure": false,
    "double_price": false,
    "curse": false,
    "allowed_on_books": true,
    "min_lvl": 1,
    "max_lvl": 1,
    "custom_evaluations": false,
    "min_ench_eval": "1+LVL*10",
    "max_ench_eval": "MIN+5",
    "type": "ARMOR_FEET",
    "equipment_slots": [
      "FEET"
    ],
    "incompat_mode": 0,
    "incompatible": [],
    "applicability_mode": 0,
    "items_list_mode": 0,
    "items_list": [],
    "description": []
  },
  {
    "id": "elenaidodge2:lightweight",
    "name": "enchantment.lightweight",
    "enabled": true,
    "hide_on_item": false,
    "hide_on_book": false,
    "rarity": "UNCOMMON",
    "treasure": false,
    "double_price": false,
    "curse": false,
    "allowed_on_books": true,
    "min_lvl": 1,
    "max_lvl": 3,
    "custom_evaluations": false,
    "min_ench_eval": "1+LVL*10",
    "max_ench_eval": "MIN+5",
    "type": "ARMOR",
    "equipment_slots": [
      "FEET",
      "LEGS",
      "CHEST",
      "HEAD"
    ],
    "incompat_mode": 0,
    "incompatible": [],
    "applicability_mode": 0,
    "items_list_mode": 0,
    "items_list": [],
    "description": []
  },
  {
    "id": "minecraft:blast_protection",
    "name": "enchantment.protect.explosion",
    "enabled": true,
    "hide_on_item": false,
    "hide_on_book": false,
    "rarity": "RARE",
    "treasure": false,
    "double_price": false,
    "curse": false,
    "allowed_on_books": true,
    "min_lvl": 1,
    "max_lvl": 4,
    "custom_evaluations": false,
    "min_ench_eval": "5+8*(LVL-1)",
    "max_ench_eval": "MIN+12",
    "type": "ARMOR",
    "equipment_slots": [
      "HEAD",
      "CHEST",
      "LEGS",
      "FEET"
    ],
    "incompat_mode": 0,
    "incompatible": [],
    "applicability_mode": 0,
    "items_list_mode": 0,
    "items_list": [],
    "description": []
  },
  {
    "id": "minecraft:bane_of_arthropods",
    "name": "enchantment.damage.arthropods",
    "enabled": true,
    "hide_on_item": false,
    "hide_on_book": false,
    "rarity": "UNCOMMON",
    "treasure": false,
    "double_price": false,
    "curse": false,
    "allowed_on_books": true,
    "min_lvl": 1,
    "max_lvl": 5,
    "custom_evaluations": false,
    "min_ench_eval": "5+8*(LVL-1)",
    "max_ench_eval": "MIN+20",
    "type": "WEAPON",
    "equipment_slots": [
      "MAINHAND"
    ],
    "incompat_mode": 0,
    "incompatible": [],
    "applicability_mode": 0,
    "items_list_mode": 0,
    "items_list": [],
    "description": []
  },
  {
    "id": "minecraft:thorns",
    "name": "enchantment.thorns",
    "enabled": true,
    "hide_on_item": false,
    "hide_on_book": false,
    "rarity": "VERY_RARE",
    "treasure": false,
    "double_price": false,
    "curse": false,
    "allowed_on_books": true,
    "min_lvl": 1,
    "max_lvl": 3,
    "custom_evaluations": false,
    "min_ench_eval": "10+20*(LVL-1)",
    "max_ench_eval": "(1+10*LVL)+50",
    "type": "ARMOR_CHEST",
    "equipment_slots": [
      "HEAD",
      "CHEST",
      "LEGS",
      "FEET"
    ],
    "incompat_mode": 0,
    "incompatible": [],
    "applicability_mode": 0,
    "items_list_mode": 0,
    "items_list": [],
    "description": []
  }
]