{
	"name": "parasite_posion",           
	"icon": "srparasites:itemtab",  
	"color": "9400D3",            
	"decay": 0.5,                 
	"visible": true,              
	"enabled": true,             
	"food": {                     
		"oredict": [  
		
		],                        
		"items": [                
			"minecraft:rotten_flesh" ,
			"overlast:dumpling",
			"nocubessrpaddon:pestbread",
			"nocubessrpaddon:dreadleaf",
			"nocubessrpaddon:redflesh",
			"nocubessrpaddon:cookedredflesh",
			"nocubessrpaddon:molderedpie",
			"nocubessrpaddon:alienburger",
			"nocubessrpaddon:parasitelarvae",
			"nocubessrpaddon:fleshfruitsoup",
			"nocubessrpaddon:plaguesalad",
			"nocubessrpaddon:fleshsoup",
			"nocubessrpaddon:ruptorsoup",
			"nocubessrpaddon:roastedlumps",
			"nocubessrpaddon:fleshbarbecue",
			"nocubessrpaddon:cookedparasiteheart"
		]
	}
}
